{"cameraMode":{"drawMode":0,"name":"Shaded","section":"Shading Mode"},"sceneLighting":true,"audioPlay":false,"sceneViewState":{"showFog":true,"showMaterialUpdate":false,"showSkybox":true,"showFlares":true,"showImageEffects":true,"showParticleSystems":true,"showVisualEffectGraphs":true,"m_FxEnabled":true},"in2DMode":false,"pivot":{"x":-2.2187623977661135,"y":7.268337249755859,"z":-6.083732604980469},"rotation":{"x":0.026672326028347017,"y":0.03326435014605522,"z":0.0009181650239042938,"w":-0.9991284012794495},"size":26.36907386779785,"orthographic":false}